185.179276,17.792868,1,1,5
229.274536,71.823898,1,1,5
352.822571,39.236198,1,1,5
242.601303,43.817646,1,1,5
295.466553,50.517525,1,1,1
314.608063,10.839286,1,1,5
242.376268,-21.083036,1,1,5
155.86821,-0.902244,1,2,5
20.712243,-24.664049,1,1,5
34.842106,-39.422928,1,1,5
70.437073,23.030941,1,1,5
181.889447,-39.548332,1,1,5
294.635865,46.066418,1,1,1
325.122159,16.421759,1,1,5
339.102203,47.86182,1,1,5
39.240585,24.648064,1,1,5
130.053406,64.327934,1,1,5
276.496399,65.563484,1,1,5
164.866562,40.430256,1,3,5
69.400551,-2.473548,1,1,5
344.366577,20.768833,1,1,5
133.149216,28.330818,1,5,5
97.696281,58.162632,1,1,5
199.601318,-18.311195,1,3,5
99.17099,-19.255878,1,1,5
202.107544,13.778788,1,1,5
38.039253,-1.034896,1,1,5
224.201477,74.900925,1,1,5
39.424168,-3.396175,1,1,5
348.9729,-9.087737,1,1,5
94.803802,-58.05431,1,1,5
177.564804,2.760142,1,1,5
318.399963,14.689387,1,1,5
176.482174,14.616381,1,1,5
240.095566,15.54693,1,1,5
110.931612,20.416334,1,1,5
154.18691,19.891409,1,2,5
25.920324,21.005314,1,1,5
53.650966,20.599232,1,1,5
40.710224,49.58696,1,1,5
45.640529,49.730011,1,1,5
88.251183,-5.994844,1,2,5
150.198837,-9.51668,1,2,5
164.620003,-10.770376,1,1,5
278.370148,-11.636039,1,1,5
114.288458,-13.906639,1,1,5
7.142942,-16.226345,1,1,5
224.620833,10.228611,1,1,5
166.619893,-77.625877,1,1,5
166.037877,-76.455383,1,1,5
102.079885,-3.102147,1,1,5
291.063708,0.746143,1,1,5
280.687263,5.937688,1,1,5
100.765677,-1.296439,1,1,5
102.721137,-5.086445,1,1,5
103.424211,-5.536037,1,1,5
278.524691,-6.002595,1,1,5
278.699254,-6.612234,1,1,5
98.17241,-0.031586,1,1,5
97.033582,-0.170681,1,1,5
291.777056,1.383714,1,1,5
97.720408,0.226919,1,1,5
280.667115,6.219136,1,1,5
279.782615,4.357806,1,1,5
101.922547,-3.719301,1,2,5
280.629662,6.513829,1,1,5
279.750514,6.969787,1,1,5
278.495813,5.538462,1,1,5
278.688338,5.57373,1,1,5
278.902103,6.479651,1,1,5
292.055263,0.12182,1,1,5
102.194663,-0.672774,1,1,5
101.277254,0.815239,1,1,5
281.072525,6.663194,1,1,5
100.956125,-1.063033,1,2,5
291.588518,1.426452,1,1,5
280.786712,6.204172,1,1,5
125.76305,-49.200359,1,1,5
67.423158,26.54952,1,1,5
169.316667,17.961417,1,1,5
130.410365,17.640005,1,1,5
13.07978,10.794699,1,2,5
65.898908,25.049898,1,1,5
344.412689,-29.622236,1,1,5
153.715737,-47.156727,1,1,5
258.828837,4.96392,1,1,5
4.595356,44.022953,1,1,5
62.315273,-53.373699,1,3,5
73.023865,6.476539,1,1,5
111.852081,5.225785,1,2,5
4.052823,-79.851181,1,1,5
32.295425,-16.339592,1,3,5
130.24673,-23.456289,1,1,5
133.781754,1.546508,1,1,5
67.14882,-25.169301,1,4,5
75.48928,-6.946263,1,2,5
78.944663,-31.295951,1,1,5
119.774349,15.391492,1,1,5
164.646242,-31.143989,1,1,5
259.002655,11.057666,1,2,5
173.862289,-32.53997,1,1,5
175.546219,26.70657,1,1,5
199.193817,9.424156,1,1,5
210.26329,-2.654864,1,1,5
229.861771,-7.72228,1,3,5
254.53688,25.74416,1,1,5
259.745085,-34.996827,1,5,5
262.166443,-46.895191,1,1,5
262.546692,-51.636978,1,4,5
264.10791,68.339142,1,1,5
323.391571,-49.009006,1,2,5
332.418121,-4.640729,1,1,5
32.608059,-50.823723,1,1,5
343.319733,-14.2637,1,4,5
237.300427,-35.651421,1,1,5
245.47778,-20.719202,1,1,5
18.146006,17.065475,1,1,5
344.445104,38.674953,1,1,5
297.709351,48.080856,1,1,1
209.389489,43.493534,1,1,5
129.882536,47.352051,1,2,5
260.116169,38.242165,1,1,5
66.248026,39.460636,1,1,5
9.573181,42.463078,1,1,5
324.536396,30.488716,1,2,1
256.346473,33.012512,1,1,5
9.516742,34.711575,1,1,5
245.151489,41.048084,1,1,5
111.916469,24.33663,1,1,5
171.274955,41.027954,1,1,5
155.681719,50.128345,1,1,5
306.123854,16.762152,1,1,5
108.825058,14.262599,1,1,5
48.435419,25.197405,1,1,5
213.156383,4.059997,1,1,5
222.767436,5.947368,1,1,5
13.000766,34.728413,1,1,5
33.131142,51.778759,1,1,5
206.094121,48.028667,1,1,5
123.949894,5.836719,1,1,5
271.537705,26.426662,1,1,5
31.042848,46.687836,1,1,5
113.184212,33.835052,1,1,5
303.195342,18.104868,1,1,5
123.250764,4.787023,1,1,5
188.266255,44.915352,1,1,5
284.296064,51.269138,1,1,1
35.383234,32.246151,1,1,5
113.758247,17.830082,1,1,5
229.991354,36.229664,1,1,5
335.512861,45.457378,1,1,5
297.322651,4.672421,1,1,5
135.344391,6.09723,1,1,5
128.925737,10.206653,1,1,5
213.144074,47.014687,1,2,5
274.373238,-3.381036,1,1,5
270.444201,-2.970947,1,1,5
305.441397,26.692652,1,1,5
274.405476,36.62141,1,1,1
118.063411,12.13941,1,1,5
21.06519,32.810764,1,1,5
42.721679,29.022396,1,1,5
21.871105,38.968147,1,1,5
99.898,25.48254,1,1,5
264.273447,25.731186,1,1,5
100.848038,27.252293,1,1,5
274.743421,10.597294,1,1,5
354.774222,42.465973,1,1,5
315.905487,11.989404,1,1,5
150.572632,53.950863,1,1,5
256.610687,44.776981,1,1,5
292.24731,47.969513,1,1,1
343.041067,35.447109,1,1,5
110.168529,37.140652,1,1,5
175.525336,-23.354836,1,1,5
294.306813,-22.204477,1,1,5
289.400759,-22.389926,1,1,5
289.202397,-19.355908,1,1,5
316.961465,-26.096655,1,1,5
313.215479,-25.687334,1,1,5
311.091961,-19.43751,1,1,5
358.55871,-30.012999,1,1,5
192.189799,-47.613693,1,1,5
173.957397,-29.156012,1,1,5
176.739094,-22.562992,1,1,5
174.00972,-29.543312,1,1,5
286.366699,-50.067352,1,1,5
268.890686,-61.747311,1,1,5
207.907777,-23.781174,1,1,5
144.926863,-28.58559,1,1,5
193.55256,-46.587715,1,1,5
284.399685,-49.13847,1,1,5
285.096424,-54.893192,1,1,5
312.45744,-24.428793,1,1,5
5.618693,-59.942551,1,1,5
191.702789,-24.427364,1,1,5
346.075073,-21.271938,1,1,5
294.633636,-55.330105,1,1,5
0.774485,-62.469341,1,1,5
296.688263,-63.565609,1,1,5
94.112075,-22.546885,1,1,5
67.222871,-21.481916,1,1,5
88.146797,-19.031656,1,1,5
294.941746,-25.748318,1,1,5
290.810104,-20.166317,1,1,5
173.356003,-70.194786,1,1,5
173.76564,20.441545,1,1,5
173.964676,-4.755697,1,1,5
24.473234,-60.511528,1,6,5
175.875458,-58.006886,1,1,5
176.210251,-58.703709,1,1,5
176.426224,2.821483,1,1,5
176.598068,14.123986,1,1,5
176.694351,3.474293,1,1,5
176.629471,-40.500355,1,1,5
177.843796,57.640736,1,1,5
178.220749,-50.292824,1,1,5
179.1716,-2.778953,1,1,5
179.231628,-12.107909,1,1,5
179.791702,-20.353781,1,1,5
25.471457,2.704376,1,1,5
181.312988,76.905731,1,1,5
183.372955,10.041638,1,1,5
183.40535,-9.513381,1,1,5
183.472473,-0.393484,1,2,5
25.622149,-53.740833,1,1,5
183.777359,-7.257327,1,1,5
184.471634,-55.975525,1,1,5
26.232603,20.083149,1,1,5
184.806213,-3.319789,1,1,5
186.44278,-64.022087,1,1,5
186.880798,-71.422974,1,1,5
187.582962,21.948244,1,1,5
187.612015,22.879829,1,2,5
188.029953,74.489548,1,1,5
188.398148,-11.621868,1,2,5
189.318237,-40.812115,1,1,5
189.811523,-7.995564,1,1,5
192.215637,-68.425148,1,1,5
193.296494,-3.553098,1,1,5
195.445526,63.610226,1,1,5
196.239487,-52.442924,1,2,5
197.665924,-35.054783,1,1,5
198.013275,-37.80302,1,1,5
198.184402,-31.873348,1,1,5
198.08226,17.517122,1,1,5
198.182434,-2.26504,1,1,5
28.210558,-19.506975,1,2,5
200.164764,24.648699,1,1,5
202.337967,-35.570995,1,1,5
29.708696,73.152382,1,1,5
203.106476,-47.271362,1,1,5
203.510574,53.728531,1,1,5
29.290026,-10.242428,1,2,5
28.733881,-67.647301,1,1,5
205.663345,78.064438,1,1,5
209.321823,-56.040043,1,1,5
30.611374,2.815859,1,1,5
215.346603,-40.393948,1,1,5
215.222977,-17.481522,1,3,5
34.748653,85.736153,1,1,5
31.142866,25.414305,1,2,5
216.701172,-5.17778,1,1,5
219.002335,9.746518,1,2,5
219.270355,-25.802563,1,1,5
221.512772,-68.762749,1,1,5
221.886368,-0.281476,1,1,5
223.345947,18.235401,1,1,5
225.025314,-73.535339,1,1,5
32.417381,32.316437,1,1,5
224.227707,53.382168,1,1,5
224.589661,44.043148,1,1,5
225.897705,-27.842573,1,2,5
225.8992,-27.840994,1,2,5
228.369446,-25.309347,1,2,5
229.775757,41.733208,1,1,5
233.916367,-80.20459,1,1,5
34.560665,65.59436,1,2,5
34.197414,43.772995,1,1,5
233.81749,53.922142,1,1,5
34.293499,23.767832,1,1,5
236.724228,46.986263,1,4,5
238.07312,-18.436066,1,1,5
1.579898,-49.075191,1,2,5
242.562592,-84.231613,1,1,5
238.234497,15.430708,1,1,5
239.419968,-60.200256,1,1,5
238.402328,68.720116,1,1,5
240.459778,-44.434536,1,1,5
242.901855,-27.078173,1,1,5
242.516312,26.74275,1,1,5
243.29114,13.239476,1,1,5
4.674448,-8.053001,1,2,5
245.75061,-61.688763,1,2,5
246.005371,-39.192982,1,1,5
246.438141,-33.56712,1,1,5
247.072006,-46.317623,1,1,5
247.117294,-13.39964,1,1,5
247.623413,38.347309,1,1,5
248.212708,2.084832,1,1,5
4.82111,14.054755,1,1,5
247.823273,79.789772,1,1,5
253.373901,-46.332958,1,1,5
253.431595,11.973746,1,1,5
256.128632,-43.309769,1,1,5
255.651688,47.081882,1,1,5
257.520477,-56.449268,1,1,5
257.815521,-56.680798,1,2,5
257.768188,-20.65457,1,1,5
257.394226,33.355854,1,2,5
258.09668,63.352093,1,1,5
259.964172,-48.54932,1,1,5
259.418701,29.227226,1,1,5
260.142944,-19.333746,1,1,5
261.439301,27.303341,1,1,5
263.339783,5.700733,1,2,5
264.748016,-43.145515,1,2,5
5.13133,30.974804,1,2,5
266.036255,-51.834053,1,4,5
38.833035,-3.560602,1,1,5
39.257961,42.062634,1,1,5
267.659821,-40.318348,1,1,5
268.418732,56.391956,1,2,5
39.244198,-34.577976,1,1,5
270.380127,0.104556,1,1,5
270.162048,29.571922,1,1,5
270.7789,-28.560644,1,1,5
270.628601,26.313002,1,2,5
271.488953,-29.917253,1,1,5
5.218085,-19.931225,1,1,5
273.498657,-42.575375,1,1,5
272.631836,54.286552,1,1,1
275.016388,-9.595722,1,2,5
275.457428,-11.922684,1,1,5
5.305497,-8.281169,1,1,5
276.956177,-29.816866,1,2,5
277.295746,11.695502,1,1,5
41.592117,49.653076,1,1,5
278.064527,6.945743,1,1,5
278.681976,-28.072313,1,1,5
42.435364,71.753235,1,1,5
280.900452,36.556606,1,1,1
285.003479,-69.944244,1,1,5
283.920349,4.265325,1,1,5
285.272858,-66.19268,1,1,5
42.767853,30.286739,1,1,5
286.718597,-37.810658,1,1,5
286.336548,25.92066,1,2,5
287.262939,34.59985,1,1,1
287.790955,-2.638385,1,1,5
288.888458,-24.179352,1,1,5
288.709198,31.86035,1,1,1
289.823792,-23.558155,1,1,5
290.267639,-23.619572,1,1,5
291.289856,-66.468796,1,3,5
290.720764,-32.919056,1,1,5
292.102386,8.358054,1,2,5
294.29892,28.499865,1,1,5
297.391541,-37.780552,1,1,5
296.742126,34.419525,1,2,1
45.044407,-20.802603,1,1,5
298.018921,28.100376,1,1,5
300.182129,22.710854,1,1,5
300.905853,29.896805,1,2,5
301.83197,-35.538631,1,1,5
302.877991,-64.620468,1,1,5
302.36795,52.276329,1,1,1
303.499359,-0.866877,1,1,5
303.822449,-27.032976,1,2,5
304.025024,4.580795,1,1,5
307.077637,18.769497,1,1,5
309.465454,-60.634483,1,1,5
310.433716,-75.3508,1,1,5
309.966156,11.249649,1,1,5
309.887329,42.24855,1,1,1
48.193485,-1.196101,1,1,5
316.666016,3.803119,1,2,5
318.740692,-20.789209,1,2,5
319.742584,26.230545,1,1,5
6.084491,-56.650047,1,1,5
322.050873,-21.726255,1,2,5
323.097961,-20.957422,1,1,5
324.535034,-31.737484,1,1,5
325.85376,-7.408253,1,1,5
50.014908,-28.854071,1,1,5
328.151184,-26.02656,1,2,5
49.981876,-43.069782,1,4,5
329.332703,-37.763622,1,1,5
329.099945,21.239859,1,1,5
50.177895,-33.730103,1,1,5
330.794891,18.884319,1,1,5
332.374451,-7.548654,1,1,5
332.963867,16.04055,1,1,5
336.878845,-77.717926,1,1,5
336.762787,-17.263659,1,1,5
337.751526,-49.43327,1,1,5
340.082794,31.787594,1,1,5
341.653137,-56.599533,1,2,5
343.408051,-48.598286,1,1,5
343.66452,-70.073708,1,1,5
343.266598,44.477753,1,1,5
343.973785,-26.658764,1,1,5
344.564758,-2.395385,1,2,5
345.78418,-0.429622,1,1,5
347.294708,-2.260742,1,1,5
348.527435,-62.700005,1,1,5
348.32074,57.168354,1,6,5
348.724278,56.730328,1,1,5
349.694733,18.64572,1,2,5
350.059906,61.970127,1,1,5
351.470795,-20.61603,1,1,5
351.614349,8.643845,1,1,5
351.654114,56.886528,1,1,5
352.834747,-58.209732,1,1,5
353.225189,63.155483,1,1,5
354.533112,-70.903358,1,1,5
354.501282,48.996521,1,1,5
355.464722,-5.985757,1,1,5
359.715668,-61.586773,1,1,5
359.974304,-22.428114,1,1,5
55.206356,31.82629,1,1,5
54.929562,-52.915836,1,1,5
54.848495,-60.077843,1,1,5
293.017334,16.474291,1,1,5
137.45338,53.56823,1,1,5
57.001556,40.530636,1,1,5
347.621792,57.029456,1,1,5
348.925934,58.04324,1,1,5
57.595699,17.476366,1,1,5
59.151241,74.080032,1,1,5
58.956001,-65.186676,1,1,5
7.499466,-5.764002,1,1,5
64.120956,-59.302155,1,1,5
64.939461,-41.960266,1,1,5
65.19603,-59.410835,1,3,5
66.609673,-10.550821,1,1,5
66.211273,-50.622192,1,1,5
61.755104,15.335032,1,1,5
70.732407,18.958172,1,1,5
67.856056,4.575287,1,1,5
69.46759,60.676197,1,1,5
80.839851,-2.277619,1,1,5
8.293311,54.894985,1,1,5
70.476555,-58.020756,1,2,5
72.151604,-5.674045,1,1,5
72.11869,-28.419298,1,1,5
72.574425,-24.368839,1,1,5
73.681892,12.352201,1,1,5
8.739684,4.381469,1,3,5
77.403,69.639404,1,1,5
76.982353,26.327963,1,1,5
237.407043,-49.963524,1,1,5
76.898087,-13.98648,1,1,5
77.004219,-26.797472,1,1,5
80.639717,79.231148,1,1,5
78.150421,-14.951111,1,2,5
79.420746,7.353343,1,1,5
82.888962,64.318779,1,1,5
9.840858,21.250473,1,1,5
84.260361,20.730787,1,3,5
85.00721,6.060579,1,2,5
84.258408,-73.699341,1,1,5
86.64547,1.168193,1,2,5
86.996567,-8.3277,1,1,5
84.291214,-80.469124,1,1,5
88.51767,-60.023472,1,5,5
91.124763,44.260445,1,1,5
89.956871,-48.239693,1,1,5
89.956886,-48.239841,1,1,5
10.802486,-37.982632,1,1,5
92.485275,34.1353,1,1,5
11.171676,20.448927,1,2,5
11.111043,-26.51568,1,1,5
93.002357,6.783074,1,1,5
11.163615,-65.649521,1,1,5
11.41816,7.845021,1,1,5
93.39859,-29.89727,1,1,5
94.894485,41.092304,1,1,5
95.059677,-10.725009,1,1,5
97.19046,38.962963,1,1,5
96.410316,-31.480953,1,2,5
97.304962,10.933891,1,1,5
98.302597,5.462925,1,1,5
99.036613,-27.622297,1,2,5
12.308117,-24.136671,1,2,5
99.44841,-32.339733,1,1,5
100.007195,-48.541954,1,1,5
102.877151,40.867756,1,1,5
103.008438,-33.915562,1,1,5
103.678436,24.245558,1,1,5
105.07515,-5.367162,1,1,5
13.755836,0.789553,1,2,5
14.486255,34.985561,1,1,5
14.559246,33.950886,1,1,5
2.470091,-50.267822,1,1,5
15.1383,20.292484,1,1,5
112.951653,17.086046,1,1,5
113.513252,-22.296066,1,2,5
116.328957,28.026199,1,1,5
114.841049,-78.278969,1,1,5
116.957161,-54.264145,1,1,5
16.167295,-39.488216,1,1,5
118.422173,-63.647324,1,2,5
120.566406,2.334571,1,1,5
120.869438,-1.162709,1,1,5
121.915649,31.551319,1,2,5
16.952761,-8.233706,1,1,5
121.348717,-74.410416,1,1,5
124.592384,61.460724,1,1,5
124.599777,-12.632174,1,3,5
125.708135,1.859323,1,1,5
125.367233,-39.70541,1,1,5
17.696762,-66.188164,1,1,5
128.51329,-1.568217,1,1,5
128.719147,-14.456694,1,1,5
129.095901,-30.037626,1,1,5
129.074066,-34.45998,1,1,5
129.31868,-41.319103,1,2,5
129.815842,12.960376,1,1,5
130.604675,4.578097,1,2,5
18.622173,-5.047387,1,1,5
131.918289,-41.736794,1,1,5
133.099747,13.233433,1,1,5
133.461685,33.056812,1,1,5
133.481308,-66.800995,1,1,5
135.302063,-25.527061,1,1,5
20.496313,76.710281,1,3,5
138.789169,23.375549,1,1,5
140.65654,50.603722,1,1,5
140.946198,20.364454,1,1,5
142.166626,45.601482,1,1,5
143.938263,34.780743,1,1,5
143.711395,-12.129546,1,2,5
144.299286,-43.272205,1,1,5
20.905149,-41.269802,1,1,5
147.510406,-49.790268,1,1,5
147.779388,-43.502789,1,1,5
21.302153,28.566692,1,1,5
149.024658,-3.808422,1,1,5
149.124359,-24.09939,1,1,5
149.240997,-15.895122,1,1,5
21.536604,34.5797,1,1,5
150.406708,-17.333023,1,1,5
151.669861,17.895103,1,1,5
152.179749,34.24226,1,1,5
152.531982,18.186871,1,1,5
154.588699,12.621108,1,1,5
155.544006,41.22953,1,1,5
155.980316,-29.645529,1,1,5
22.504177,-19.604502,1,1,5
160.702209,-2.183756,1,1,5
161.087143,-33.577023,1,1,5
23.334101,29.265148,1,2,5
164.262589,-68.667343,1,1,5
164.698898,1.729216,1,1,5
164.896194,43.814465,1,1,5
165.867114,-22.093977,1,1,5
166.185226,-2.513218,1,1,5
166.441452,44.301559,1,1,5
166.31279,-10.291301,1,1,5
168.638184,25.710384,1,1,5
169.448135,-23.975414,1,1,5
170.215698,-23.217342,1,1,5
171.072327,-1.529076,1,1,5
171.692825,3.006328,1,1,5
172.125885,43.966579,1,1,5
321.595306,-37.82943,1,1,5
327.500519,-64.71254,1,1,5
332.405823,71.314331,1,1,5
333.026062,29.065811,1,1,5
353.955353,0.445516,1,1,5
41.678692,-23.086611,1,1,5
47.809292,21.097359,1,3,5
126.616043,10.080378,1,5,5
16.508533,-22.453154,1,2,5
175.435974,42.751972,1,1,5
176.170685,30.959293,1,3,5
194.383163,-65.646461,1,1,5
201.087662,48.885094,1,2,5
202.605301,-58.664356,1,1,5
207.580826,-39.900856,1,1,5
208.466919,-35.314362,1,2,5
217.327347,-46.463818,1,1,5
229.572205,-41.42057,1,1,5
231.232391,58.966064,1,1,5
240.481064,-21.980389,1,1,5
243.174057,-18.875504,1,1,5
27.526375,-54.464962,1,1,5
279.221466,61.702503,1,1,5
296.421967,-0.696645,1,1,5
326.130554,14.771939,1,1,5
102.504227,-60.249146,1,1,5
40.639442,-50.800293,1,1,5
346.869659,21.134251,1,4,5
172.121957,1.690636,1,1,5
129.60125,20.106063,1,1,5
130.344085,18.933875,1,1,5
130.056046,19.77881,1,1,5
129.636756,19.773829,1,1,5
125.420277,13.49753,1,1,5
284.985378,-22.293402,1,1,5
123.381875,16.419609,1,1,5
169.042002,1.98684,1,1,5
207.34954,-12.284491,1,1,5
59.889755,21.298685,1,1,5
173.192036,2.244884,1,1,5
170.155528,2.502696,1,1,5
178.057026,2.594245,1,1,5
178.110797,4.254747,1,1,5
175.097258,4.55734,1,2,5
178.329775,6.412261,1,1,5
172.56046,7.588391,1,1,5
174.960319,0.603575,1,3,5
340.303689,-14.488987,1,2,5
169.482818,2.61907,1,1,5
242.573719,-24.990331,1,2,5
63.273432,15.247763,1,1,5
94.20658,24.59641,1,1,5
171.515165,1.230738,1,1,5
335.624384,-7.955366,1,1,5
62.670647,24.402043,1,1,5
172.334949,-1.454787,1,3,5
52.341962,22.299405,1,1,5
245.440751,-23.547865,1,1,5
252.426083,-19.542821,1,3,5
242.561406,-19.319273,1,1,5
127.57877,22.235908,1,1,5
170.103081,1.285956,1,2,5
169.449073,3.866393,1,2,5
243.451011,-24.787062,1,3,5
240.033579,-23.189288,1,2,5
338.368392,-9.022769,1,1,5
174.74564,-3.905585,1,1,5
176.665722,-5.171913,1,1,5
169.117142,-3.97544,1,1,5
174.01163,-2.520881,1,1,5
169.632879,-1.77413,1,1,5
174.266344,-0.907261,1,1,5
168.582603,2.780711,1,1,5
176.123545,3.272425,1,1,5
177.320206,3.475569,1,1,5
169.303502,-1.877976,1,2,5
169.483631,5.988378,1,1,5
246.81115,-27.957049,1,1,5
246.611416,-24.969948,1,1,5
244.141811,-20.400533,1,1,5
338.054185,-17.543994,1,1,5
333.751927,-17.250707,1,1,5
342.691712,-14.069886,1,1,5
333.821819,-14.049808,1,3,5
338.942343,-14.027745,1,2,5
178.19226,-1.198477,1,1,5
338.606184,-13.731702,1,1,5
339.674743,-13.560024,1,1,5
334.36418,-12.187498,1,2,5
333.426666,-12.066374,1,1,5
332.413612,-11.428742,1,1,5
333.211761,-10.925379,1,1,5
331.5267,-10.711549,1,1,5
333.606312,-10.652785,1,1,5
334.019783,-10.567318,1,1,5
335.759539,-10.48858,1,1,5
167.093771,-1.065755,1,1,5
338.475795,-10.084946,1,1,5
341.724437,-9.881619,1,1,5
334.621964,-9.612382,1,4,5
335.025479,-9.056093,1,1,5
339.91935,-8.714505,1,1,5
338.84485,-7.469853,1,2,5
337.105587,-6.086677,1,1,5
55.228426,12.572612,1,1,5
57.225306,13.483545,1,1,5
55.255905,13.519372,1,1,5
169.793665,-0.284375,1,2,5
59.037487,13.559289,1,2,5
57.485488,14.5022,1,1,5
58.514872,15.137152,1,1,5
59.901562,15.558886,1,2,5
55.809274,16.634549,1,2,5
59.464394,18.465254,1,1,5
51.5528,18.635616,1,1,5
66.236225,18.827418,1,1,5
54.751598,19.120178,1,1,5
57.066715,20.459638,1,1,5
176.264468,0.005301,1,1,5
59.152405,22.472632,1,2,5
63.218062,24.205112,1,1,5
60.069895,25.48,1,1,5
129.362743,18.976685,1,1,5
127.762836,10.847586,1,1,5
126.488289,11.511145,1,1,5
208.773747,-5.442466,1,1,5
0.362142,39.383808,1,1,5
284.548373,-47.003242,1,1,5
161.70726,-9.399025,1,1,5
267.640503,36.570232,1,1,5
108.301485,-42.409744,1,1,5
117.415037,-52.120453,1,1,5
314.268494,31.661034,1,1,1
125.617523,13.735319,1,1,5
216.524017,59.444275,1,1,5
92.663948,30.957144,1,1,5
148.643324,40.388069,1,1,5
157.062546,25.573189,1,1,5
195.981868,30.640051,1,2,5
78.295532,33.318165,1,1,5
283.30551,24.12738,1,1,5
307.859802,39.938828,1,1,1
287.389188,46.984489,1,3,1
287.378077,47.771187,1,1,1
294.949847,38.605197,1,1,1
288.474857,40.651357,1,2,1
288.991582,41.223038,1,1,1
299.434592,43.632622,1,1,1
282.37753,44.694592,1,2,1
297.045421,46.328701,1,1,1
297.453731,41.010991,1,1,1
291.22518,44.927383,1,1,1
286.971199,46.868362,1,1,1
291.148088,40.669407,1,2,1
294.865505,46.285854,1,1,1
284.433492,49.305161,1,7,1
296.356105,41.092755,1,2,1
297.333057,41.891117,1,4,1
77.91909,-45.018414,1,1,5
285.679394,50.241299,1,2,1
291.385979,41.990273,1,3,1
286.685523,47.098221,1,1,1
286.273871,48.618706,1,1,1
293.079495,43.073715,1,1,1
292.020456,44.876217,1,1,1
297.359299,49.79755,1,1,1
286.286014,43.320461,1,1,1
295.754127,42.537476,1,1,1
295.906552,45.80912,1,1,1
296.547525,44.941933,1,1,1
282.85993,42.665764,1,1,1
283.255489,48.355228,1,2,1
289.192636,44.149326,1,1,1
297.401546,46.824001,1,1,1
289.29627,46.457954,1,1,1
290.248072,44.435242,1,1,1
285.122033,44.110603,1,1,1
292.75733,43.42691,1,1,1
294.613645,45.984623,1,2,1
283.469362,40.132607,1,1,1
283.596696,45.407879,1,1,1
283.717526,47.204449,1,1,1
281.482749,47.208031,1,5,1
292.672551,46.377422,1,1,1
295.204905,42.559681,1,1,1
289.352005,46.973728,1,1,1
289.029742,49.769707,1,1,1
291.950991,38.251698,1,1,1
284.510201,43.961666,1,1,1
283.605263,39.99798,1,1,1
287.571185,42.813923,1,1,1
289.593097,49.781158,1,1,1
292.132976,41.54754,1,1,1
288.984555,40.064521,1,2,1
293.681915,45.817559,1,1,1
296.089747,48.955376,1,1,1
289.930872,40.097751,1,1,1
283.845142,44.609093,1,1,1
286.115368,37.966997,1,1,1
289.042225,42.882488,1,1,1
295.181638,49.945786,1,1,1
296.341029,47.170856,1,1,1
298.972184,44.132378,1,1,1
298.326591,45.315514,1,1,1
287.604612,42.166779,1,3,1
283.113784,48.131393,1,1,1
293.881768,49.683155,1,1,1
288.668933,39.824006,1,1,1
281.662983,47.568584,1,1,1
293.144456,46.666237,1,1,1
284.183296,45.074104,1,1,1
296.755759,46.998291,1,1,1
288.646254,50.788982,1,2,1
281.898352,42.165787,1,1,1
287.346741,47.772957,1,1,1
287.887325,46.276237,1,2,1
282.924996,48.626392,1,2,1
295.158106,40.898849,1,1,1
295.342731,46.602264,1,1,1
291.418635,39.127415,1,1,1
290.601152,44.556385,1,1,1
290.486779,44.932617,1,1,1
299.52598,46.899261,1,1,1
297.452152,41.558124,1,1,1
294.595783,45.875034,1,1,1
289.220209,41.706486,1,1,1
300.863971,44.337555,1,4,1
286.025189,39.630929,1,1,1
296.230004,50.27523,1,1,1
283.899402,41.221607,1,1,1
290.52675,38.142973,1,1,1
291.741637,37.688934,1,1,1
294.511258,38.790501,1,2,1
298.866564,46.502239,1,1,1
285.387409,45.049053,1,1,1
294.648164,46.392365,1,1,1
290.979329,47.989002,1,1,1
297.028248,48.208611,1,4,1
293.195374,49.316502,1,1,1
293.057996,45.248817,1,1,1
292.04438,46.329025,1,1,1
294.1527,38.233048,1,2,1
284.476545,46.252579,1,1,1
287.501179,47.469269,1,1,1
287.590098,51.060574,1,1,1
291.033636,42.26786,1,1,1
293.200589,43.050037,1,1,1
299.549499,45.769753,1,1,1
294.559169,46.062325,1,2,1
296.464522,49.182915,1,1,1
289.44452,41.317757,1,1,1
289.358672,50.598484,1,1,1
283.161951,45.198315,1,1,1
290.101971,48.251137,1,1,1
287.477648,46.141186,1,1,1
295.251155,45.842972,1,2,1
294.978825,46.005653,1,1,1
281.561453,42.450504,1,1,1
291.092742,49.190059,1,1,1
290.392721,40.284875,1,2,1
295.662872,44.525845,1,1,1
299.785465,43.670753,1,1,1
297.72314,47.112659,1,1,1
284.978013,41.420166,1,2,1
292.301253,38.267041,1,1,1
293.262447,41.365114,1,1,1
294.70938,45.969501,1,1,1
281.594148,42.596416,1,1,1
295.502705,43.232796,1,1,1
288.749962,48.277176,1,1,1
297.115123,41.909138,1,6,1
292.929133,48.602814,1,2,1
291.871356,44.087376,1,1,1
294.569379,45.671257,1,1,1
281.322565,48.066505,1,1,1
287.38209,49.452396,1,1,1
294.468554,49.331024,1,1,1
281.111771,42.454931,1,1,1
291.145201,44.062546,1,1,1
291.049927,39.141674,1,1,1
296.042339,45.985146,1,1,1
291.646244,39.396624,1,1,1
291.65317,44.688274,1,2,1
291.808022,38.622703,1,1,1
295.463372,45.812744,1,1,1
296.968815,47.751488,1,1,1
289.406695,39.338834,1,1,1
299.236933,45.834698,1,1,1
294.991772,40.144409,1,1,1
291.933655,44.115505,1,1,1
292.08478,49.23748,1,1,1
299.965664,44.160896,1,1,1
297.019131,44.327522,1,1,1
296.981009,43.209751,1,2,1
290.914483,42.286579,1,1,1
297.786606,47.886127,1,1,1
288.280535,46.340904,1,1,1
294.517667,50.670399,1,1,1
286.594273,37.891266,1,1,1
295.481223,40.73198,1,1,1
285.691992,45.689396,1,1,1
293.217384,42.720707,1,1,1
293.063338,39.403444,1,1,1
291.604495,41.309361,1,2,1
287.997883,50.944332,1,2,1
285.207485,45.38435,1,1,1
295.651494,49.261295,1,1,1
286.367463,48.423935,1,1,1
293.322404,42.86747,1,1,1
295.567982,42.478287,1,1,1
286.002968,44.756592,1,1,1
284.107796,44.245808,1,1,1
287.130272,48.665375,1,1,1
285.899242,48.307301,1,1,1
287.945617,39.230568,1,1,1
294.121421,48.349525,1,3,1
281.693981,46.946449,1,1,1
290.543645,47.72588,1,1,1
292.714435,44.082336,1,1,1
287.302821,39.289688,1,2,1
290.043293,47.257977,1,1,1
295.308161,43.044415,1,1,1
286.716626,47.425633,1,1,1
292.547537,41.642956,1,1,1
290.953557,45.719536,1,1,1
294.18926,45.151577,1,1,1
297.711849,45.261925,1,2,1
296.724492,49.532715,1,1,1
292.247793,47.878452,1,1,1
290.434033,44.107651,1,1,1
289.147217,45.866181,1,1,1
297.477127,39.877247,1,2,1
288.820587,39.522827,1,1,1
288.924024,46.057632,1,1,1
283.121049,43.525642,1,1,1
292.233946,41.575213,1,1,1
294.266335,45.204315,1,1,1
294.74207,43.536835,1,2,1
287.879384,43.364075,1,1,1
299.077103,45.44064,1,1,1
283.29213,45.434116,1,1,1
290.235843,50.030087,1,1,1
287.529634,38.894513,1,1,1
286.971267,44.708302,1,1,1
290.348519,50.902855,1,1,1
298.302714,47.694023,1,1,1
287.297694,47.455437,1,1,1
294.911573,46.491463,1,1,1
288.793037,48.040234,1,2,1
292.16858,43.779675,1,1,1
294.958925,38.591578,1,1,1
290.474507,37.766598,1,1,1
293.131095,45.663548,1,1,1
281.831445,42.298916,1,1,1
289.142702,46.812897,1,1,1
297.919728,45.274162,1,1,1
286.671437,49.406288,1,1,1
288.456062,45.802124,1,1,1
284.09764,47.810638,1,1,1
299.213164,41.424824,1,2,1
295.88751,43.156063,1,1,1
289.747314,39.523468,1,1,1
296.307949,43.82135,1,1,1
292.232425,38.892222,1,1,1
291.282055,46.965996,1,1,1
287.241174,39.332757,1,1,1
288.479641,47.101768,1,1,1
286.892005,38.318556,1,1,1
283.103838,43.148045,1,1,1
298.426343,47.946785,1,1,1
295.946421,42.658924,1,2,1
284.999621,49.479977,1,1,1
291.657776,48.009315,1,1,1
282.140566,43.89658,1,1,1
288.144759,51.275627,1,1,1
291.699538,38.145265,1,1,1
284.351087,40.852979,1,1,1
292.369561,43.910809,1,1,1
291.669272,42.59071,1,1,1
288.834008,44.838249,1,1,1
293.725872,47.247044,1,1,1
286.243425,50.040382,1,1,1
287.891632,39.339124,1,2,1
296.603451,44.129257,1,1,1
294.614827,40.833172,1,1,1
292.290612,44.653255,1,1,1
292.773384,44.178127,1,1,1
289.441483,42.498135,1,1,1
290.279709,41.515049,1,1,1
295.938407,49.791145,1,1,1
295.064243,49.358994,1,1,1
291.881263,44.555729,1,1,1
287.584891,49.154793,1,1,1
286.162064,39.677995,1,2,1
292.832145,48.219357,1,1,1
285.720788,40.856961,1,1,1
296.853432,50.037354,1,1,1
289.485822,50.944164,1,1,1
285.142638,49.800667,1,1,1
297.463622,48.181416,1,1,1
287.405321,45.918007,1,1,1
289.186676,50.937557,1,1,1
291.578982,44.531715,1,1,1
297.215809,47.378515,1,1,1
291.111883,39.949104,1,5,1
297.070369,42.977741,1,1,1
285.822349,45.711891,1,1,1
294.889655,49.379768,1,1,1
285.29575,44.552753,1,1,1
286.625763,37.537304,1,1,1
290.633291,40.136994,1,1,1
296.376909,50.621468,1,1,1
287.066378,41.874908,1,1,1
296.553083,46.96629,1,1,1
297.486691,46.996716,1,1,1
296.998621,42.781956,1,2,1
283.2645,41.711449,1,1,1
288.588357,42.605659,1,1,1
296.550043,49.102322,1,1,1
297.375101,46.662216,1,1,1
287.522025,51.37586,1,1,1
284.903015,43.95396,1,1,1
295.624706,42.545898,1,1,1
295.629266,44.69062,1,1,1
297.905795,40.162858,1,1,1
293.127381,42.320103,1,1,1
286.752797,49.064911,1,3,1
282.999715,40.55745,1,1,1
294.576248,38.456974,1,1,1
284.60621,41.196384,1,1,1
294.009462,42.880772,1,1,1
282.301216,46.516201,1,1,1
290.744327,43.260777,1,2,1
287.657402,48.982166,1,1,1
294.533553,46.618271,1,1,1
288.059319,51.354454,1,1,1
296.894856,44.37178,1,1,1
298.258123,47.604946,1,2,1
287.793862,45.98024,1,1,1
292.115153,49.256428,1,1,1
298.950318,46.692799,1,1,1
283.885115,47.637222,1,1,1
285.173326,48.770042,1,3,1
295.239275,42.726479,1,1,1
291.474304,44.683514,1,1,1
296.075676,45.627056,1,1,1
285.404941,49.994747,1,1,1
297.841489,46.967682,1,1,1
289.347291,44.208553,1,3,1
295.591254,42.555241,1,1,1
285.23245,48.806721,1,1,1
288.771814,42.213219,1,1,1
286.483651,46.752617,1,1,1
289.884378,45.211502,1,1,1
284.585789,47.079533,1,1,1
285.869287,42.728096,1,1,1
299.169533,43.441094,1,1,1
287.838481,43.153236,1,1,1
287.805581,45.340549,1,1,1
285.189985,46.027962,1,3,1
286.715634,48.645279,1,1,1
286.344287,37.411973,1,1,1
285.219843,38.805878,1,1,1
285.803226,44.873428,1,1,1
284.593715,46.449776,1,1,1
293.500497,44.932457,1,1,1
287.85701,40.547181,1,1,1
295.102413,40.572396,1,1,1
282.956935,42.825619,1,1,1
288.095635,40.365964,1,1,1
282.492224,43.980213,1,2,1
293.573935,45.384541,1,1,1
295.354457,48.515404,1,1,1
290.176173,46.698338,1,1,1
295.462337,40.776969,1,1,1
291.279002,47.687649,1,1,1
281.835355,44.155926,1,1,1
280.258382,43.835766,1,1,1
289.134661,47.062996,1,1,1
285.713488,41.605873,1,1,1
296.388807,41.040571,1,1,1
285.311284,47.848595,1,2,1
290.685249,43.859638,1,1,1
289.377032,40.001151,1,1,1
284.90572,43.949169,1,1,1
290.025921,48.335949,1,1,1
291.268101,44.488194,1,1,1
291.397864,45.588559,1,1,1
292.125189,41.407814,1,1,1
289.956501,47.020393,1,1,1
284.422735,49.106224,1,1,1
286.150155,37.411377,1,1,1
288.450665,40.245305,1,3,1
289.033022,40.086887,1,1,1
286.604183,42.440319,1,1,1
290.989241,50.30806,1,1,1
284.287156,42.355614,1,1,1
285.276428,39.446916,1,1,1
297.339446,46.347252,1,1,1
294.478341,46.945862,1,1,1
292.86984,46.741859,1,1,1
285.928896,38.520962,1,1,1
298.735235,40.764155,1,1,1
288.530825,40.942304,1,2,1
283.920035,40.740123,1,1,1
289.651263,43.824417,1,2,1
292.971241,41.035764,1,1,1
292.388546,42.233261,1,1,1
294.237938,45.197322,1,1,1
295.821448,46.053029,1,1,1
298.835871,40.293136,1,1,1
291.611881,42.115971,1,1,1
290.376313,41.150741,1,1,1
290.956068,49.366306,1,1,1
283.23581,41.343037,1,4,1
288.433591,40.380875,1,1,1
294.528593,46.640962,1,2,1
293.204521,45.435402,1,1,1
292.872284,46.098885,1,1,1
291.18497,40.311214,1,1,1
285.017227,42.085384,1,1,1
296.222144,39.268958,1,1,1
289.064869,50.460976,1,1,1
284.675388,44.41777,1,1,1
281.647742,48.271046,1,1,1
297.277976,48.320328,1,2,1
290.576737,39.956893,1,1,1
297.073789,41.22448,1,1,1
291.02859,43.913673,1,1,1
293.527561,41.111437,1,1,1
289.31148,51.320866,1,1,1
284.838408,42.070431,1,1,1
296.277711,46.899857,1,2,1
287.009098,46.796101,1,1,1
284.042335,41.699139,1,1,1
283.745794,48.373394,1,1,1
284.739001,49.598396,1,2,1
296.232807,42.47279,1,1,1
280.511769,44.159351,1,1,1
297.020069,43.432549,1,1,1
294.294533,50.725376,1,1,1
287.086297,46.945816,1,1,1
292.477965,46.022835,1,1,1
291.841308,45.179176,1,1,1
299.659605,40.843853,1,1,1
292.08746,49.788765,1,1,1
286.338369,48.744099,1,1,1
290.495129,38.795481,1,2,1
288.250582,46.679602,1,2,1
293.60872,42.197678,1,1,1
290.693736,48.701477,1,1,1
295.735335,42.576252,1,1,1
291.245187,37.759052,1,1,1
283.741416,49.067978,1,1,1
290.995346,43.243938,1,1,1
291.548094,50.353313,1,1,1
286.170543,43.008911,1,1,1
289.538819,41.892825,1,1,1
296.467314,42.598771,1,2,1
300.344076,45.623219,1,1,1
283.565314,46.904255,1,1,1
288.538542,40.877113,1,1,1
296.996558,49.256413,1,1,1
295.152201,49.587605,1,1,1
292.19971,42.046089,1,2,1
285.064914,41.554874,1,1,1
288.416528,47.878731,1,1,1
294.766985,41.64468,1,1,1
285.797234,40.936186,1,1,1
282.135534,43.039101,1,2,1
284.565675,41.778484,1,2,1
288.831383,47.551994,1,2,1
288.886635,44.83955,1,1,1
285.752049,39.249205,1,1,1
291.349983,45.172267,1,1,1
296.293558,43.403267,1,1,1
286.958437,42.541386,1,1,1
289.195458,46.651703,1,1,1
297.373313,40.366398,1,1,1
293.670471,41.410248,1,1,1
290.381547,43.292973,1,3,1
288.116053,42.440422,1,1,1
287.535764,48.727791,1,1,1
295.377379,39.048031,1,1,1
297.944779,42.191882,1,1,1
296.215166,39.527049,1,1,1
282.631369,46.481106,1,1,1
280.823394,42.636056,1,1,1
292.440396,43.209431,1,1,1
283.33604,47.174535,1,4,1
285.717427,44.758423,1,1,1
282.391957,43.889351,1,2,1
298.662345,48.248764,1,1,1
294.831023,46.659592,1,1,1
288.766976,46.394424,1,1,1
284.459458,40.142553,1,1,1
283.4532,45.084141,1,1,1
292.337551,47.6642,1,1,1
294.336468,44.918293,1,1,1
299.675859,47.075844,1,1,1
294.866185,48.638985,1,2,1
293.311681,46.041714,1,1,1
287.708814,47.33305,1,1,1
287.369468,46.768213,1,2,1
286.271652,45.440807,1,1,1
287.466042,40.758452,1,1,1
291.847824,48.968132,1,1,1
290.867707,38.960119,1,1,1
296.00943,50.498386,1,1,1
295.684842,39.256142,1,1,1
292.081863,38.915023,1,1,1
283.942432,41.4716,1,1,1
282.699942,45.42577,1,1,1
290.084786,51.208603,1,1,1
297.970897,47.731678,1,2,1
290.510198,38.743544,1,1,1
286.361579,42.963924,1,1,1
292.18012,49.20248,1,1,1
294.341649,46.498767,1,1,1
284.92858,42.42231,1,1,1
285.156913,47.873333,1,1,1
298.663468,43.894073,1,1,1
290.949888,40.605215,1,1,1
282.997478,41.678551,1,1,1
292.254635,37.97142,1,1,1
295.118899,48.481281,1,3,1
296.20381,42.777832,1,1,1
286.580592,48.544197,1,1,1
293.890178,48.336121,1,1,1
288.243782,41.110081,1,1,1
290.991665,40.22932,1,1,1
294.951036,43.012436,1,1,1
292.545764,49.416973,1,1,1
295.349667,45.114548,1,1,1
297.642262,49.594978,1,1,1
285.366245,49.044868,1,1,1
298.067706,49.412605,1,2,1
289.697494,43.372093,1,1,1
292.658395,49.865192,1,1,1
295.524175,49.829548,1,1,1
287.363299,49.45689,1,1,1
295.53838,51.202957,1,1,1
291.173299,44.921131,1,1,1
297.711565,46.768021,1,1,1
291.86493,49.32592,1,1,1
289.289809,40.681665,1,1,1
285.739806,40.980036,1,1,1
281.915678,42.775513,1,2,1
285.346938,48.312252,1,1,1
293.719126,43.12459,1,1,1
291.255595,48.84697,1,1,1
283.435761,47.066855,1,1,1
285.330615,42.040436,1,1,1
280.249457,43.915066,1,1,1
289.42396,46.72617,1,1,1
289.643439,50.727089,1,1,1
287.867389,50.595585,1,1,1
288.231731,50.567886,1,1,1
291.387762,44.529106,1,2,1
294.553828,45.08139,1,1,1
293.446425,40.409892,1,1,1
292.42283,38.266328,1,1,1
286.125545,47.947613,1,1,1
284.223331,48.831772,1,1,1
294.083055,50.502777,1,1,1
286.945321,43.822773,1,1,1
283.770601,42.027245,1,1,1
283.211614,41.038063,1,1,1
282.423025,46.014019,1,1,1
294.110756,38.71023,1,2,1
285.557796,44.010788,1,1,1
285.830458,43.198395,1,1,1
296.397527,42.396918,1,1,1
294.487304,42.00692,1,1,1
287.235677,38.754161,1,2,1
289.819341,51.90485,1,1,1
289.831222,44.609863,1,1,1
295.04854,45.342686,1,1,1
293.519844,41.277405,1,2,1
293.821357,39.39135,1,1,1
287.975766,39.087181,1,2,1
288.695007,39.883191,1,1,1
289.664878,50.020046,1,1,1
294.852648,49.057472,1,1,1
290.636569,48.996082,1,1,1
294.694049,45.866837,1,1,1
295.948273,44.753124,1,1,1
284.532096,43.989956,1,1,1
281.298535,42.685753,1,1,1
293.165079,41.746235,1,1,1
285.711919,49.706657,1,1,1
289.786216,46.858788,1,3,1
291.999771,49.301811,1,1,1
289.438971,49.73122,1,1,1
285.313805,48.725254,1,1,1
295.409776,42.150831,1,1,1
292.684285,38.126286,1,1,1
298.095423,44.737057,1,1,1
290.590382,45.439713,1,1,1
295.498108,38.644501,1,1,1
286.646417,49.937778,1,1,1
281.295831,44.465405,1,1,1
285.853667,38.384119,1,3,1
295.693573,42.609512,1,1,1
293.629756,45.740651,1,1,1
288.597097,41.03642,1,1,1
288.549148,38.565232,1,1,1
282.657401,43.162518,1,1,1
286.130757,38.779631,1,1,1
293.973936,45.350704,1,1,1
296.19614,45.634331,1,1,1
284.77811,44.916782,1,1,1
283.986337,41.650406,1,1,1
296.200595,49.140125,1,1,1
288.234084,40.520905,1,5,1
288.883334,39.744572,1,1,1
289.918519,42.001431,1,1,1
296.107919,39.319913,1,1,1
293.727175,42.806759,1,1,1
289.711993,50.128212,1,1,1
292.002052,41.786961,1,1,1
290.149884,41.464595,1,1,1
288.561525,46.536053,1,1,1
298.118885,40.375047,1,1,1
283.797813,46.931004,1,1,1
292.162778,41.023235,1,2,1
298.959138,48.257824,1,1,1
288.421218,43.179798,1,1,1
289.274503,44.470253,1,1,1
289.791634,39.285277,1,1,1
292.627466,37.860133,1,1,1
290.97393,48.178162,1,1,1
291.494603,44.523502,1,1,1
287.80722,43.188778,1,1,1
300.332385,44.986137,1,1,1
296.667903,49.461861,1,1,1
286.865479,41.989086,1,2,1
290.966214,51.504723,1,1,1
292.690301,37.835001,1,1,1
289.843226,52.07016,1,1,1
296.054062,45.827049,1,1,1
293.885398,39.519818,1,1,1
290.559517,49.943016,1,1,1
285.119706,38.866428,1,1,1
297.414414,46.060818,1,1,1
287.402943,46.573986,1,1,1
289.870716,41.040728,1,1,1
282.460522,48.257118,1,2,1
288.162502,48.165154,1,2,1
285.146577,39.370798,1,1,1
296.902813,41.198191,1,1,1
295.975556,44.713445,1,1,1
292.395391,43.869072,1,1,1
286.613698,38.891969,1,1,1
291.585187,45.71579,1,1,1
294.385398,43.82547,1,1,1
283.345714,45.274456,1,1,1
284.219433,44.268543,1,1,1
289.780522,49.89653,1,5,1
283.344497,41.201741,1,1,1
283.787004,48.029564,1,1,1
285.728495,42.65453,1,4,1
297.124312,47.037025,1,1,1
297.28499,49.212456,1,1,1
298.898763,47.463093,1,1,1
297.583942,41.541227,1,1,1
283.764074,42.222172,1,1,1
287.471233,46.080666,1,1,1
286.052426,39.096053,1,1,1
288.495833,51.081947,1,2,1
287.76456,38.294704,1,1,1
295.785514,39.907921,1,1,1
291.676831,38.874915,1,1,1
291.919159,39.022273,1,1,1
286.576164,41.741473,1,1,1
287.635473,45.716061,1,1,1
288.397002,40.2132,1,1,1
293.881413,46.838879,1,1,1
286.819367,46.911694,1,1,1
292.28658,42.072456,1,1,1
290.296515,37.74949,1,2,1
292.784608,43.215984,1,1,1
296.923604,43.566467,1,1,1
294.455709,46.743614,1,1,1
288.573588,51.472755,1,1,1
290.586124,46.642689,1,1,1
297.952967,40.806808,1,1,1
283.587614,40.574927,1,1,1
286.6952,40.291819,1,1,1
289.182664,47.873383,1,1,1
292.204706,37.22122,1,1,1
291.097225,38.875609,1,3,1
299.861833,45.827354,1,1,1
300.935406,45.596546,1,1,1
281.897275,46.722633,1,1,1
292.988348,49.48497,1,1,1
292.158664,49.63776,1,1,1
293.74325,45.761597,1,1,1
289.073975,40.366015,1,1,1
292.955275,47.573105,1,1,1
288.302,47.775555,1,1,1
293.288009,43.514988,1,1,1
284.032244,39.781348,1,2,1
285.968722,41.363559,1,1,1
287.371261,39.603581,1,1,1
289.37665,41.158613,1,1,1
286.386934,47.016628,1,1,1
287.762683,43.274429,1,1,1
296.159005,44.563114,1,1,1
298.202609,44.925827,1,1,1
292.677726,49.66391,1,1,1
288.232715,48.002178,1,1,1
294.441792,40.571686,1,1,1
297.07017,40.868784,1,2,1
291.407812,48.017891,1,1,1
296.516659,44.608608,1,1,1
293.850646,38.397749,1,1,1
300.48818,44.46067,1,1,1
293.62309,47.961914,1,1,1
285.722721,43.00948,1,1,1
285.557511,49.330074,1,1,1
288.163973,42.481083,1,1,1
288.469102,46.78368,1,1,1
286.220889,41.151251,1,1,1
289.07571,51.757439,1,1,1
287.773581,42.869286,1,2,1
291.399384,38.787752,1,1,1
285.512943,38.079748,1,1,1
293.580858,40.427478,1,1,1
295.329843,42.534966,1,1,1
285.410633,44.412212,1,1,1
287.134895,47.488621,1,1,1
286.378264,43.07325,1,1,1
296.059869,42.656051,1,1,1
295.563558,39.417606,1,1,1
290.146555,39.665821,1,1,1
290.516491,43.083824,1,2,1
295.90501,45.405434,1,1,1
296.512049,49.727764,1,1,1
291.250279,45.655075,1,1,1
289.875041,43.420963,1,1,1
284.871334,49.775913,1,1,1
286.359226,42.227478,1,1,1
286.543637,45.304874,1,1,1
287.937219,46.418491,1,1,1
295.175391,45.930908,1,1,1
285.703472,44.422001,1,1,1
297.27891,43.724018,1,2,1
297.270876,46.928417,1,1,1
297.588518,43.841221,1,1,1
297.32891,47.815472,1,1,1
294.082695,39.556103,1,1,1
292.57986,37.376411,1,1,1
295.429347,39.886547,1,1,1
296.500445,40.72123,1,1,1
284.056684,41.576733,1,1,1
281.6337,43.411579,1,1,1
280.206621,43.774297,1,1,1
295.002819,46.987328,1,2,1
297.508294,43.710953,1,1,1
294.63257,43.807671,1,1,1
294.494859,43.91362,1,1,1
288.515202,44.923225,1,1,1
294.043409,45.139786,1,1,1
285.348993,45.556183,1,1,1
294.057625,46.441031,1,1,1
282.236848,48.154297,1,1,1
295.482407,48.524445,1,1,1
283.068632,48.802086,1,1,1
287.780828,47.629913,1,3,1
294.55789,40.850498,1,1,1
296.35944,41.574532,1,2,1
297.21216,43.643719,1,2,1
300.431,44.751011,1,1,1
285.475055,48.034935,1,1,1
297.479473,48.418571,1,1,1
287.526422,42.912908,1,1,1
298.150086,40.656175,1,1,1
292.503769,41.830421,1,1,1
280.691016,47.809735,1,2,1
297.729255,42.866898,1,1,1
283.628354,48.391022,1,1,1
293.160171,48.881191,1,3,1
292.658441,38.345413,1,4,1
294.710165,39.825104,1,2,1
285.999891,40.919329,1,5,1
298.395274,47.815006,1,1,1
284.521193,41.629604,1,2,1
296.771914,41.755537,1,3,1
283.368413,41.821857,1,4,1
294.646695,41.884106,1,2,1
287.439194,43.832092,1,3,1
289.553283,43.876183,1,2,1
294.667956,43.853259,1,4,1
286.047132,45.053207,1,2,1
287.101089,46.896477,1,3,1
298.663735,47.762043,1,2,1
298.079439,44.746321,1,3,1
295.571343,49.774586,1,2,1
296.151402,50.095806,1,2,1
289.830114,50.586246,1,2,1
293.530848,39.315898,1,2,1
291.951908,43.074715,1,3,1
282.468103,43.889915,1,2,1
298.652714,43.955017,1,5,1
299.796456,44.089306,1,2,1
281.27971,44.315533,1,2,1
287.564731,44.305004,1,2,1
290.420839,37.851786,1,3,1
288.584039,44.733799,1,2,1
291.183386,45.323177,1,3,1
287.917924,45.592876,1,3,1
296.498596,46.577244,1,2,1
291.971445,47.864174,1,3,1
288.120962,47.966667,1,2,1
284.968519,42.079205,1,2,1
295.226435,50.559006,1,4,1
290.67313,38.691011,1,3,1
295.559419,40.236271,1,2,1
287.698004,42.338726,1,6,1
284.40992,41.237465,1,2,1
293.62604,41.272827,1,2,1
282.973419,41.322006,1,2,1
297.089977,41.388039,1,3,1
285.347187,41.761925,1,2,1
285.287111,41.861172,1,2,1
291.634678,41.833866,1,3,1
290.030517,42.16605,1,3,1
293.890206,42.528008,1,4,1
291.169537,42.640812,1,2,1
287.361816,38.714016,1,1,1
292.503389,43.083149,1,2,1
285.439151,43.168484,1,2,1
287.620834,43.141678,1,2,1
290.824182,44.647186,1,2,1
284.754851,44.956032,1,2,1
294.973509,45.213688,1,4,1
293.728072,46.129154,1,2,1
293.037744,46.277508,1,3,1
295.412811,46.266472,1,3,1
288.73898,46.762558,1,3,1
289.217484,47.884464,1,1,1
291.506237,46.895779,1,4,1
296.654765,46.83527,1,4,1
287.9061,46.937767,1,3,1
298.318356,47.279495,1,4,1
290.934287,47.357601,1,4,1
292.193984,47.457096,1,2,1
292.376129,47.880989,1,3,1
291.934236,48.141651,1,2,1
296.286142,48.224667,1,3,1
286.999471,48.375797,1,3,1
294.218924,49.479225,1,3,1
285.718538,48.505859,1,2,1
293.973353,50.531914,1,2,1
295.816158,51.121742,1,2,1
296.366522,51.319523,1,2,1
291.653519,38.494659,1,2,1
286.079103,39.278313,1,4,1
283.866378,39.898092,1,2,1
283.221387,40.421834,1,2,1
287.897113,40.637815,1,5,1
294.202137,40.663406,1,2,1
290.413267,38.343754,1,4,1
291.158774,40.750263,1,2,1
292.913118,41.060921,1,2,1
286.565695,41.808403,1,2,1
285.11047,42.033958,1,2,1
287.24268,42.301369,1,3,1
291.638965,42.436317,1,4,1
296.483427,42.663429,1,2,1
288.642531,43.039291,1,3,1
293.061384,43.581356,1,2,1
296.985068,43.658524,1,3,1
286.638393,39.487894,1,3,1
289.594765,44.141953,1,3,1
296.566237,44.105865,1,4,1
295.579345,44.545963,1,2,1
291.841992,44.858089,1,3,1
288.164701,45.816504,1,3,1
296.064233,45.976841,1,3,1
292.580445,46.097389,1,4,1
297.315994,46.023269,1,3,1
294.06849,46.57933,1,2,1
288.211929,46.615005,1,2,1
284.940997,46.56654,1,4,1
291.925972,38.014122,1,2,1
291.364773,37.609184,1,2,1
290.728675,37.252649,1,2,1
292.469762,37.567794,1,2,1
292.044615,37.376246,1,2,1
290.510478,41.24482,1,4,1
294.484378,44.166916,1,2,1
299.830387,47.157461,1,3,1
291.976175,38.055075,1,2,1
290.215171,41.775967,1,2,1
292.236769,41.085876,1,2,1
282.2001,44.422302,1,2,1
283.00298,44.284233,1,3,1
299.127524,47.59383,1,3,1
291.302209,47.697758,1,2,1
292.922774,38.477274,1,2,1
292.479713,38.514927,1,3,1
293.56815,39.036326,1,3,1
286.583175,39.077209,1,2,1
290.107193,38.702235,1,2,1
287.391224,42.194836,1,3,1
292.137029,42.42942,1,2,1
291.39051,42.180588,1,2,1
294.108191,44.770699,1,2,1
284.677277,44.797684,1,4,1
293.613726,47.838998,1,2,1
293.146491,47.729649,1,2,1
291.390905,48.065609,1,2,1
290.676145,48.294289,1,4,1
290.927458,48.44355,1,2,1
288.916426,39.594717,1,3,1
297.465344,42.88285,1,3,1
298.348324,47.491226,1,2,1
286.409984,42.681553,1,2,1
287.916357,42.437302,1,2,1
295.766145,42.424288,1,5,1
286.358057,42.406509,1,2,1
287.392009,46.059312,1,2,1
285.345843,45.367786,1,3,1
286.540008,49.437326,1,5,1
283.209159,48.777645,1,2,1
283.039792,48.825359,1,3,1
283.206964,48.580502,1,4,1
285.283636,38.947281,1,3,1
295.288694,48.59972,1,2,1
283.982968,49.23299,1,3,1
294.316985,43.629345,1,2,1
283.135465,43.657055,1,2,1
294.441763,40.557587,1,4,1
299.224311,40.343182,1,3,1
288.538671,40.61614,1,4,1
297.795132,40.417703,1,2,1
295.785154,40.43955,1,2,1
297.509851,46.961281,1,2,1
294.023014,45.853081,1,3,1
288.839363,46.986744,1,3,1
282.06129,47.085491,1,2,1
298.395772,42.459756,1,2,1
298.294935,48.775459,1,2,1
294.674114,42.075588,1,2,1
298.023104,43.363522,1,2,1
290.826023,44.184109,1,2,1
294.943885,39.032062,1,2,1
298.482828,46.793617,1,2,1
288.811943,39.770658,1,3,1
297.842398,46.574281,1,5,1
293.213548,46.175125,1,2,1
294.453674,44.145756,1,2,1
281.348824,44.295242,1,2,1
291.38224,38.127473,1,2,1
286.471473,49.649021,1,2,1
289.835434,49.825626,1,3,1
294.325546,46.002254,1,3,1
292.642372,44.087673,1,3,1
295.809289,40.008503,1,2,1
299.268042,45.227428,1,2,1
289.077548,46.005222,1,5,1
288.447375,44.801685,1,2,1
291.834328,39.307358,1,3,1
286.662964,47.4137,1,3,1
292.286069,40.913584,1,2,1
287.140668,47.115196,1,3,1
296.064311,45.428623,1,2,1
290.237643,41.33137,1,3,1
290.06049,47.163956,1,2,1
282.978956,40.784347,1,4,1
293.351712,48.444641,1,3,1
296.435821,44.64156,1,1,1
295.933477,40.30057,1,2,1
289.861576,43.472775,1,4,1
292.678083,46.726715,1,4,1
291.960684,42.433006,1,2,1
292.499645,46.324406,1,2,1
295.228802,45.97102,1,2,1
288.011911,46.117607,1,2,1
289.199596,49.305717,1,2,1
297.25505,40.548373,1,2,1
293.67648,44.615578,1,2,1
294.496978,46.689762,1,1,1
285.419606,39.706107,1,3,1
286.452706,42.657879,1,3,1
299.896521,46.051975,1,2,1
296.856633,41.75818,1,2,1
285.751452,41.33564,1,3,1
285.799457,42.811783,1,2,1
292.421077,37.682819,1,2,1
291.243104,44.00872,1,3,1
293.230225,48.281376,1,2,1
293.293635,42.196354,1,3,1
291.250191,49.231827,1,2,1
286.284731,44.781555,1,2,1
296.803453,46.741154,1,2,1
291.771639,47.529903,1,2,1
283.192081,41.305393,1,3,1
281.569933,47.398697,1,2,1
295.626598,49.130436,1,2,1
296.852042,49.084446,1,2,1
297.292418,49.981632,1,2,1
291.880046,45.387936,1,2,1
293.674235,47.908467,1,2,1
284.05966,44.518131,1,4,1
292.171121,40.916306,1,2,1
292.326464,38.657588,1,2,1
291.256195,49.258953,1,3,1
289.387993,50.59705,1,2,1
294.13793,42.370502,1,3,1
288.617907,48.098416,1,2,1
291.607165,38.410386,1,2,1
295.422002,38.735691,1,2,1
294.948588,46.438641,1,2,1
295.701103,38.945831,1,2,1
286.830353,42.279205,1,1,1
282.394616,48.75914,1,2,1
285.182787,43.831089,1,2,1
299.136166,45.869934,1,2,1
291.342584,38.363134,1,2,1
286.026112,44.782871,1,2,1
294.338483,50.336544,1,2,1
289.858871,48.693855,1,2,1
287.798184,45.656715,1,2,1
284.828038,44.60873,1,2,1
291.960005,44.900024,1,2,1
296.960265,46.034298,1,1,1
291.628777,41.208603,1,2,1
290.621815,51.057304,1,2,1
288.660765,43.368084,1,2,1
290.995257,45.192215,1,2,1
296.301953,50.672318,1,2,1
293.511099,45.136598,1,2,1
296.132818,48.977402,1,2,1
295.894109,42.380451,1,2,1
291.468662,40.343853,1,3,1
299.501738,40.670806,1,3,1
285.615322,50.135754,1,1,1
296.81369,47.526608,1,1,1
290.944481,40.480035,1,2,1
290.082749,50.863483,1,3,1
288.370225,43.35461,1,4,1
289.921461,46.74456,1,3,1
286.398631,45.343533,1,2,1
291.409458,38.34003,1,2,1
291.848044,44.968224,1,2,1
286.036347,49.614506,1,2,1
284.786175,48.423233,1,1,1
293.67919,46.852764,1,1,1
294.513229,45.981644,1,1,1
283.150698,45.139832,1,1,1
287.605582,49.523262,1,2,1
286.110327,43.680958,1,1,1
288.51062,51.162472,1,1,1
297.961566,48.244362,1,2,1
293.804434,38.639131,1,2,1
291.556965,39.227287,1,2,1
293.824314,42.779705,1,2,1
294.433512,38.35545,1,1,1
295.417899,51.184765,1,2,1
292.219033,44.61916,1,3,1
283.256822,45.087776,1,1,1
282.629656,46.323357,1,1,1
292.855742,46.391178,1,1,1
298.62489,48.577454,1,2,1
290.358009,40.567738,1,1,1
289.434628,49.4734,1,1,1
288.25458,43.704868,1,1,1
290.581722,40.5774,1,1,1
285.240856,46.668255,1,1,1
292.808636,49.579445,1,2,1
281.112335,43.227789,1,3,1
293.282206,48.2859,1,2,1
297.593651,40.977268,1,1,1
293.586381,42.928913,1,1,1
292.287328,43.197281,1,1,1
301.720753,44.412063,1,2,1
297.347393,44.026947,1,1,1
281.645806,41.951092,1,1,1
280.801566,44.033994,1,1,1
300.102352,45.762142,1,1,1
285.349952,41.452206,1,1,1
284.566904,49.012546,1,1,1
285.366589,39.280081,1,1,1
288.610544,49.968632,1,1,1
289.752289,41.634605,1,5,1
298.736067,46.498552,1,3,1
282.250207,44.921102,1,3,1
285.268586,48.560013,1,1,1
293.732821,41.900829,1,2,1
292.8729,41.064261,1,1,1
295.486509,51.0135,1,3,1
296.003688,44.277561,1,1,1
283.241297,46.378471,1,1,1
287.478529,38.228866,1,2,1
289.268744,42.604176,1,3,1
292.249069,46.164867,1,1,1
299.821155,43.814274,1,1,1
298.937046,44.85791,1,1,1
294.835173,48.982361,1,1,1
284.55572,46.063828,1,1,1
295.648711,48.495564,1,2,1
287.362816,38.649619,1,1,1
288.90224,49.370487,1,1,1
295.297916,46.920467,1,2,1
297.00944,50.372314,1,1,1
299.09754,43.497593,1,1,1
296.524306,39.249776,1,1,1
286.630094,38.945605,1,1,1
292.321516,43.881168,1,1,1
287.051707,40.211542,1,1,1
295.163817,43.963047,1,1,1
288.067594,42.355367,1,1,1
292.486944,46.196213,1,1,1
291.021852,37.769803,1,1,1
299.139212,40.94902,1,4,1
294.4639,49.765047,1,1,1
291.907032,49.262054,1,1,1
296.822898,48.107555,1,1,1
291.646758,41.884663,1,1,1
284.394304,46.249081,1,1,1
294.996313,50.470066,1,1,1
284.879964,49.266994,1,1,1
295.287222,41.22197,1,2,1
282.966173,48.34507,1,1,1
290.833158,38.184334,1,1,1
292.294579,40.591801,1,4,1
295.025677,46.956005,1,1,1
287.130575,42.350155,1,1,1
295.496656,42.537888,1,1,1
295.30754,38.881639,1,1,1
297.214089,41.664039,1,1,1
285.930707,39.098134,1,1,1
291.640896,41.241049,1,1,1
290.765882,38.927952,1,1,1
290.358128,44.518753,1,1,1
295.109945,43.915207,1,1,1
299.407009,44.035046,1,1,1
288.100873,50.033718,1,2,1
295.951366,43.852051,1,1,1
297.201554,41.730206,1,1,1
291.08013,43.860203,1,1,1
290.636484,38.707669,1,1,1
284.921843,45.972398,1,1,1
287.858119,42.542629,1,1,1
284.635187,40.719832,1,1,1
297.018834,50.408981,1,1,1
295.40435,42.981423,1,1,1
289.664398,48.706207,1,1,1
296.479776,49.937683,1,3,1
287.655008,39.24428,1,1,1
282.945693,47.574875,1,1,1
298.26896,48.91674,1,1,1
285.041686,50.075375,1,1,1
286.247188,50.242409,1,1,1
290.493913,52.055611,1,1,1
295.608779,38.735736,1,1,1
293.675335,41.295348,1,1,1
287.089972,41.373873,1,1,1
299.319538,41.384647,1,1,1
286.738033,49.97575,1,3,1
293.180322,41.617763,1,2,1
298.816376,43.998039,1,1,1
288.153996,44.068821,1,1,1
284.06113,45.506855,1,1,1
296.859217,49.162048,1,2,1
296.183433,47.358761,1,1,1
297.650933,47.396294,1,1,1
290.957911,47.406284,1,1,1
295.684814,47.748081,1,1,1
285.888369,47.880386,1,2,1
290.461775,40.562462,1,3,1
283.340288,48.549046,1,1,1
286.524812,48.683601,1,1,1
298.660915,48.606373,1,1,1
293.685736,48.825146,1,1,1
296.418559,49.540104,1,1,1
296.566641,49.696251,1,1,1
297.73638,49.637154,1,1,1
289.880634,51.277081,1,1,1
297.486901,49.623455,1,1,1
299.122454,41.86676,1,2,1
294.773939,43.056295,1,3,1
290.625252,44.873962,1,1,1
294.149669,38.458259,1,1,1
292.215089,38.548588,1,1,1
287.218727,38.862513,1,1,1
294.029098,39.051846,1,1,1
290.566303,40.692045,1,1,1
283.257599,40.990498,1,1,1
286.118673,44.34528,1,1,1
299.90591,45.439678,1,1,1
283.022789,47.261135,1,2,1
285.168338,44.026466,1,5,1
297.70024,47.86375,1,1,1
285.485043,48.054325,1,1,1
290.747687,48.242012,1,1,1
298.550829,48.332455,1,2,1
296.406853,51.358154,1,1,1
285.516852,38.932408,1,1,1
290.529444,38.942671,1,1,1
293.708458,41.615135,1,1,1
284.657888,42.652676,1,1,1
296.636834,43.802792,1,1,1
293.758347,41.871869,1,3,1
300.206095,45.018147,1,1,1
293.747096,45.10722,1,2,1
290.119627,46.273811,1,1,1
292.446272,46.289776,1,1,1
296.838379,46.626404,1,1,1
283.617946,47.196686,1,1,1
291.554496,47.81448,1,1,1
297.672615,48.302315,1,1,1
298.105708,48.40115,1,1,1
283.507278,48.552605,1,1,1
293.641285,44.65704,1,2,1
290.437586,48.791885,1,1,1
286.55102,49.418743,1,1,1
291.221081,50.581303,1,1,1
289.521162,51.237316,1,1,1
290.247043,52.149136,1,1,1
286.963889,37.8297,1,1,1
295.18292,38.654231,1,1,1
294.711927,39.073762,1,1,1
288.75495,39.563656,1,1,1
295.002039,39.952923,1,1,1
296.358649,39.115194,1,3,1
283.499815,40.552805,1,1,1
295.432782,40.648247,1,1,1
297.503687,41.057021,1,1,1
282.11133,42.354504,1,1,1
288.230593,42.413624,1,1,1
286.528499,43.873405,1,1,1
293.05722,45.551193,1,1,1
288.67069,47.399143,1,1,1
284.25721,47.688953,1,1,1
280.641367,47.751954,1,1,1
287.039503,46.640129,1,2,1
296.385544,48.233448,1,1,1
286.024025,48.43177,1,1,1
285.790685,48.683262,1,1,1
294.951451,48.651188,1,1,1
288.921586,49.762035,1,1,1
294.570393,50.673023,1,1,1
289.500676,51.68573,1,1,1
293.470106,39.252808,1,1,1
293.123423,40.934766,1,1,1
285.911509,41.069443,1,1,1
296.837254,48.239964,1,1,1
288.961242,42.265011,1,3,1
283.833059,41.978649,1,1,1
282.004612,42.176533,1,1,1
296.031983,42.141949,1,1,1
294.280982,42.29097,1,3,1
292.316017,42.626255,1,1,1
287.295436,43.279873,1,2,1
292.427378,44.381268,1,1,1
291.057206,44.632381,1,1,1
293.882931,44.638096,1,1,1
292.220313,44.700031,1,1,1
295.304508,42.47529,1,1,1
293.171343,45.065605,1,2,1
286.004962,45.480392,1,1,1
291.354639,45.747898,1,1,1
282.786824,46.244992,1,1,1
298.384823,46.276043,1,1,1
282.450603,46.321404,1,1,1
294.989131,46.838329,1,2,1
283.74071,47.516293,1,1,1
286.249817,48.06094,1,1,1
290.849058,48.416016,1,2,1
283.212747,45.349865,1,5,1
291.159391,51.334866,1,1,1
290.927286,39.914145,1,1,1
284.478472,40.93311,1,1,1
296.986721,47.47739,1,1,1
295.193389,39.539677,1,1,1
292.150459,39.637581,1,2,1
288.698651,39.708288,1,1,1
292.104279,39.767914,1,1,1
290.449257,39.854802,1,1,1
289.417832,39.945013,1,1,1
289.226179,49.548203,1,1,1
293.427043,39.942437,1,1,1
296.885757,40.228233,1,1,1
297.252613,40.288605,1,1,1
295.217437,40.592251,1,1,1
291.195065,40.702706,1,1,1
289.773247,40.800724,1,1,1
293.591889,41.095161,1,1,1
292.417233,41.416882,1,1,1
284.919429,41.617195,1,1,1
292.186888,41.727039,1,1,1
296.032191,42.13168,1,1,1
291.823482,42.516216,1,1,1
293.834559,42.624962,1,1,1
290.327325,42.898281,1,1,1
295.475743,43.493137,1,1,1
290.322766,44.035809,1,1,1
290.471339,44.387085,1,1,1
284.788295,44.591675,1,1,1
283.899655,45.016888,1,1,1
285.655936,45.079556,1,1,1
288.6887,41.151173,1,3,1
289.000875,45.15427,1,1,1
287.33279,46.2035,1,1,1
288.00811,46.473557,1,1,1
282.21293,46.717819,1,2,1
297.068412,46.834278,1,1,1
297.259092,46.843193,1,1,1
288.327899,47.381592,1,1,1
291.197299,47.3078,1,1,1
282.98379,47.57859,1,1,1
287.608202,47.509686,1,1,1
293.981569,46.687748,1,1,1
288.138262,47.724453,1,1,1
283.710881,47.86327,1,1,1
290.465134,47.92918,1,1,1
297.808262,47.946671,1,1,1
288.754887,48.2262,1,1,1
297.02563,48.478596,1,1,1
298.45684,48.791592,1,1,1
295.555049,49.017342,1,1,1
285.49925,49.277348,1,1,1
291.936173,49.253986,1,1,1
294.153336,46.166438,1,1,1
297.015468,49.225292,1,1,1
294.265808,49.314091,1,1,1
291.722008,49.480877,1,1,1
290.785759,50.054119,1,1,1
285.176211,50.149818,1,1,1
293.833326,50.230354,1,1,1
296.22197,50.287237,1,1,1
290.098067,50.321609,1,1,1
295.455293,50.49456,1,1,1
296.021342,50.567783,1,1,1
291.032305,49.040272,1,3,1
291.62241,50.618237,1,1,1
289.399721,51.250324,1,1,1
289.112222,51.737381,1,1,1
291.439982,37.905656,1,1,1
290.870517,38.273635,1,1,1
293.87193,38.422949,1,1,1
285.213807,39.027485,1,1,1
289.315452,39.153285,1,1,1
294.655242,39.308366,1,1,1
294.710624,39.521744,1,1,1
293.260938,44.868896,1,2,1
294.489906,39.771446,1,1,1
288.812003,40.033398,1,1,1
294.77684,40.153738,1,1,1
283.253557,40.358196,1,1,1
291.149507,40.420518,1,1,1
299.316097,40.822362,1,1,1
293.49661,41.137592,1,1,1
283.86439,41.346458,1,1,1
288.509997,41.301769,1,1,1
296.888201,41.396091,1,1,1
288.581516,41.0898,1,1,1
287.1543,41.565788,1,1,1
288.994182,41.633278,1,1,1
293.878112,41.66177,1,1,1
299.186861,41.742682,1,1,1
283.316391,41.83712,1,1,1
289.508502,41.812107,1,1,1
291.760406,41.944077,1,1,1
290.00757,42.116459,1,1,1
293.816466,42.212498,1,1,1
292.105207,42.380318,1,1,1
291.964161,42.696144,1,1,1
297.460015,42.839924,1,1,1
294.909734,42.935261,1,2,1
295.651502,43.029831,1,1,1
282.699531,43.272743,1,1,1
283.630767,43.379398,1,1,1
290.393214,43.363899,1,1,1
292.965535,43.34639,1,1,1
299.561877,43.503559,1,1,1
295.536136,43.884453,1,1,1
298.635649,44.170944,1,1,1
284.430506,44.480534,1,1,1
290.263285,44.55645,1,2,1
284.830468,44.658142,1,1,1
293.454838,44.792797,1,1,1
283.977492,44.811562,1,1,1
291.717311,44.887306,1,1,1
294.846908,45.034416,1,1,1
291.092356,45.115528,1,1,1
286.360112,45.414295,1,1,1
285.554804,45.578857,1,1,1
296.393174,45.568558,1,1,1
283.732021,45.958771,1,2,1
293.018285,45.914692,1,1,1
297.045638,46.027363,1,1,1
284.688884,46.172249,1,1,1
285.391321,46.180939,1,1,1
291.862847,46.429256,1,1,1
287.569664,46.567859,1,1,1
290.067985,46.57914,1,1,1
293.092525,41.355523,1,1,1
286.482254,46.692451,1,1,1
289.431703,46.617531,1,1,1
283.866019,46.789589,1,1,1
295.574168,42.806436,1,1,1
296.496136,47.182865,1,1,1
291.49943,37.059283,1,1,1
290.682243,37.355117,1,1,1
288.416503,41.029804,1,1,1
292.262899,37.236992,1,1,1
299.89723,43.903908,1,1,1
291.137593,36.577386,1,1,1
289.096874,44.004379,1,2,1
294.843831,44.077686,1,1,1
292.268128,37.955654,1,1,1
291.903273,37.902288,1,1,1
293.254104,37.846192,1,1,1
296.860998,41.097338,1,2,1
290.607939,41.201093,1,1,1
296.680438,41.386515,1,1,1
293.084606,41.135436,1,4,1
290.131501,41.381498,1,1,1
294.192118,39.619003,1,1,1
287.593209,44.179417,1,2,1
290.503604,44.143581,1,1,1
291.275634,47.329491,1,1,1
292.144477,47.157352,1,1,1
297.393183,47.164627,1,1,1
283.184612,47.15567,1,1,1
293.184531,37.969851,1,1,1
291.579173,38.035828,1,1,1
294.115656,38.393485,1,1,1
292.713101,38.358213,1,2,1
289.607956,44.345425,1,1,1
286.490428,38.374907,1,3,1
287.44409,38.088431,1,1,1
291.423583,38.216591,1,1,1
290.884667,38.057567,1,1,1
291.03193,38.211956,1,1,1
291.433297,41.703438,1,1,1
287.27264,41.635559,1,1,1
282.724059,44.346478,1,1,1
287.477437,44.237514,1,1,1
285.628532,44.310889,1,1,1
293.74169,44.44833,1,1,1
281.766389,44.292549,1,1,1
287.653619,47.414811,1,1,1
288.868231,47.759434,1,1,1
291.062936,47.484803,1,1,1
295.920663,47.448616,1,1,1
292.068304,38.842261,1,1,1
293.743938,38.939276,1,1,1
291.692465,38.572907,1,1,1
290.000414,38.539892,1,1,1
295.975153,38.946652,1,1,1
300.517131,44.38158,1,4,1
286.917117,38.872221,1,1,1
293.595841,39.029477,1,1,1
292.006813,38.820733,1,1,1
295.21664,38.774343,1,1,1
288.133701,38.996881,1,1,1
291.019046,38.54558,1,1,1
287.307857,39.144731,1,1,1
297.208965,41.781708,1,1,1
292.478209,42.142291,1,1,1
287.174894,44.878571,1,1,1
281.288118,42.45108,1,1,1
296.112564,39.978779,1,5,1
286.574823,44.795204,1,1,1
286.075243,44.664639,1,1,1
286.015855,45.007767,1,1,1
299.221605,44.693874,1,1,1
293.37227,44.785137,1,2,1
293.229945,45.053314,1,1,1
296.007043,44.853443,1,1,1
289.020172,48.119812,1,1,1
291.59409,48.445614,1,1,1
289.083643,48.018131,1,1,1
293.63695,42.82497,1,3,1
296.614859,48.082645,1,1,1
285.424273,47.834614,1,1,1
288.85529,48.208538,1,1,1
285.662694,48.435371,1,1,1
284.910486,48.431644,1,1,1
285.22111,47.881382,1,1,1
293.362842,39.212452,1,1,1
296.081856,39.161617,1,1,1
296.235105,39.370343,1,1,1
295.370797,39.177218,1,1,1
292.87339,42.966137,1,4,1
291.020145,39.220678,1,1,1
285.617437,39.37953,1,1,1
292.276118,39.550179,1,1,1
284.582577,39.220204,1,1,1
290.477412,39.732009,1,1,1
294.769908,39.398514,1,2,1
284.860139,39.240548,1,1,1
294.966046,42.708569,1,1,1
286.887275,42.471256,1,1,1
282.332793,42.463825,1,1,1
282.232525,43.665627,1,3,1
295.054286,42.756847,1,1,1
294.985491,42.727669,1,1,1
295.926094,45.383862,1,1,1
290.479954,45.6007,1,1,1
287.054516,45.180374,1,1,1
283.574233,45.734802,1,1,1
287.452778,45.704399,1,1,1
285.24667,45.950195,1,1,1
285.435512,45.976021,1,1,1
291.074676,45.242584,1,1,1
298.252049,40.496077,1,5,1
296.507394,49.457291,1,1,1
284.251306,48.809612,1,1,1
292.328581,49.653538,1,1,1
296.321994,48.971478,1,1,1
287.857729,48.774113,1,1,1
290.957565,49.203812,1,1,1
287.057016,49.046021,1,1,1
283.504798,49.451015,1,1,1
293.288273,48.811619,1,1,1
290.851779,48.521339,1,1,1
290.973429,45.290318,1,4,1
293.084462,48.57539,1,1,1
294.680286,49.14016,1,1,1
297.391593,48.560692,1,1,1
283.936824,49.110325,1,1,1
293.351293,43.13464,1,1,1
295.09499,43.537586,1,1,1
289.603836,46.314953,1,1,1
294.632389,43.400467,1,1,1
288.848631,51.209049,1,1,1
286.741873,43.190108,1,1,1
295.577265,46.254742,1,1,1
292.353929,46.22628,1,1,1
297.779266,46.492741,1,1,1
297.664523,43.248962,1,1,1
285.057092,46.320675,1,1,1
297.724283,43.527435,1,1,1
290.122337,43.08556,1,1,1
287.285313,51.249981,1,1,1
282.363512,46.67524,1,1,1
289.424591,50.994122,1,1,1
297.916877,46.96513,1,2,1
295.402544,50.478634,1,1,1
294.52711,43.36816,1,1,1
295.417461,43.60564,1,1,1
296.403212,51.271339,1,1,1
294.95686,43.014328,1,1,1
297.3013,43.141888,1,1,1
283.478199,43.383781,1,1,1
289.859129,46.522667,1,1,1
285.296197,46.603439,1,1,1
295.806573,50.909798,1,1,1
281.971245,43.672771,1,1,1
288.992588,46.670753,1,1,1
294.649885,43.335587,1,1,1
286.433673,50.300327,1,1,1
292.584443,49.923161,1,1,1
288.661559,49.737206,1,1,1
286.271745,43.595234,1,1,1
290.090807,39.816989,1,2,1
295.521206,49.738632,1,1,1
291.467319,50.759489,1,1,1
288.435745,43.763496,1,1,1
291.083797,40.355255,1,1,1
283.129641,43.888241,1,1,1
284.963031,43.913006,1,1,1
288.734088,46.939396,1,1,1
289.290653,51.408891,1,1,1
282.439182,43.734486,1,1,1
290.586837,51.69582,1,1,1
286.585389,46.87093,1,1,1
297.48258,40.68078,1,1,1
285.573981,38.400892,1,3,1
296.177297,46.99902,1,1,1
291.152951,40.887497,1,1,1
289.731692,46.953823,1,1,1
288.771018,40.664176,1,2,1
288.822916,40.389049,1,1,1
290.051123,46.713375,1,1,1
291.405561,40.125487,1,1,1
285.476589,41.63274,1,1,1
295.322517,39.376484,1,1,1
289.506358,45.370998,1,1,1
285.672872,44.116734,1,1,1
296.047358,42.743006,1,1,1
298.589186,40.750689,1,1,1
298.111206,41.758333,1,1,1
297.583122,41.952431,1,1,1
290.412001,44.89933,1,1,1
290.592077,45.737137,1,1,1
290.983322,45.973301,1,1,1
299.05126,47.949284,1,1,1
298.200719,48.267838,1,1,1
298.114772,48.494404,1,1,1
289.086058,41.562941,1,3,1
284.296949,49.158676,1,2,1
284.616205,49.190811,1,1,1
284.731462,49.533195,1,1,1
294.171085,40.055165,1,1,1
290.668512,40.397718,1,1,1
290.106539,40.490657,1,1,1
289.679343,40.700466,1,1,1
289.38351,41.392695,1,1,1
289.920717,41.542828,1,1,1
298.481124,41.615332,1,1,1
291.418281,38.672354,1,2,1
298.314444,42.247434,1,1,1
297.132641,42.768253,1,1,1
296.952062,43.271969,1,1,1
289.568659,43.538612,1,1,1
290.288467,43.755322,1,1,1
295.021668,46.619217,1,1,1
293.577759,46.736347,1,1,1
294.168805,46.714611,1,2,1
294.789143,46.98399,1,1,1
293.865613,47.026829,1,1,1
281.194747,47.497148,1,2,1
294.241293,47.275982,1,1,1
294.326356,47.217613,1,1,1
294.955114,44.149818,1,1,1
284.273965,41.535023,1,1,1
293.601262,42.379761,1,1,1
291.269748,42.096046,1,1,1
300.929606,44.02879,1,1,1
294.366727,42.252678,1,1,1
293.300231,41.523338,1,1,1
298.607876,46.453682,1,1,1
284.482459,44.398037,1,1,1
287.956566,41.130329,1,1,1
287.73756,38.114567,1,1,1
285.371949,41.993912,1,1,1
288.971662,44.624531,1,2,1
295.859378,47.93951,1,1,1
288.471458,40.269795,1,1,1
292.530806,49.061707,1,1,1
290.156346,48.818996,1,1,1
287.256685,46.066769,1,1,1
292.171168,40.811382,1,1,1
297.069643,40.525141,1,1,1
281.457163,46.746468,1,1,1
282.035496,43.631268,1,1,1
295.313145,46.237488,1,1,1
296.752973,45.0411,1,1,1
295.30009,40.556591,1,1,1
298.515338,41.891205,1,1,1
297.270578,50.121811,1,1,1
286.558075,38.40536,1,2,1
285.602528,50.112038,1,2,1
288.372508,47.933556,1,2,1
287.326624,48.673431,1,2,1
289.62523,40.708726,1,1,1
284.094587,41.182821,1,1,1
295.828703,43.425495,1,1,1
290.165258,49.923862,1,1,1
285.013102,40.220753,1,1,1
290.54855,38.495275,1,1,1
289.869641,46.729706,1,1,1
291.51621,42.248196,1,1,1
286.710723,43.043453,1,1,1
300.371281,46.408276,1,1,1
285.661662,37.964506,1,1,1
294.613008,45.060169,1,1,1
289.248907,47.650101,1,1,1
288.41768,46.590427,1,1,1
285.10406,45.008167,1,1,1
296.958868,46.394127,1,1,1
290.144308,44.049953,1,1,1
293.094007,42.896431,1,1,1
289.41107,46.130848,1,1,1
290.708386,42.237251,1,1,1
281.582909,47.233631,1,1,1
297.354004,41.300049,1,1,1
297.938209,46.881393,1,2,1
297.090655,49.626572,1,1,1
284.43028,47.641785,1,1,1
292.614101,44.394661,1,1,1
289.072225,47.40707,1,1,1
284.615727,39.131038,1,1,1
291.912789,41.533611,1,1,1
289.233369,49.938934,1,1,1
296.754151,49.208744,1,1,1
299.660466,46.198418,1,1,1
11.24724,-15.271532,1,1,5
69.824148,22.350967,1,2,5
232.577571,-42.979908,1,1,5
272.015825,-27.150075,1,1,5
272.424917,-29.224153,1,1,5
268.560542,-34.778053,1,1,5
269.706,-30.196931,1,1,5
267.008125,-35.005411,1,1,5
271.742208,-26.819692,1,1,5
268.461625,-33.990333,1,1,5
272.547258,-26.522932,1,1,5
269.496333,-30.715175,1,1,5
271.303917,-27.293233,1,1,5
271.531006,-31.454477,1,1,5
270.854,-29.213417,1,1,5
270.097833,-31.245258,1,1,5
268.913958,-28.476847,1,1,5
271.223333,-27.220944,1,1,5
269.678542,-29.398239,1,1,5
271.473755,-27.714287,1,1,5
261.7925,-29.793972,1,1,5
132.48676,11.692484,1,1,5
132.82283,11.756299,1,1,5
132.753364,11.814655,1,1,5
132.753193,11.88653,1,1,5
132.82936,11.67102,1,1,5
186.147811,-61.820004,1,1,5
238.233879,12.912411,1,2,5
204.700622,-2.030315,1,1,5
271.318125,-28.895,1,1,5
271.522167,-30.732639,1,1,5
268.579958,-30.377306,1,1,5
267.540708,-34.673194,1,1,5
268.143792,-30.087778,1,2,5
271.351807,-26.421944,1,1,5
269.108167,-32.237417,1,1,5
269.786708,-30.759472,1,1,5
266.872583,-34.726556,1,1,5
264.559083,-27.136139,1,1,5
269.448833,-27.394528,1,1,5
271.4905,-27.712,1,1,5
268.968292,-29.818528,1,1,5
263.577917,-27.14275,1,2,5
265.694875,-24.261,1,1,5
268.325708,-30.471167,1,1,5
268.0295,-31.690583,1,1,5
268.031208,-29.846111,1,1,5
268.102081,-30.548389,1,1,5
270.621708,-28.39625,1,1,5
269.662537,-28.031694,1,1,5
270.184333,-28.660889,1,1,5
268.75425,-29.047111,1,1,5
272.019257,-29.731583,1,1,5
269.408997,-28.963158,1,1,5
268.847931,-30.207251,1,1,5
269.147958,-29.539222,1,1,5
267.867708,-29.876361,1,1,5
163.324625,-61.405639,1,1,5
163.101667,-61.446806,1,1,5
162.644667,-61.957194,1,1,5
167.327963,-61.095257,1,1,5
160.059951,-62.455601,1,1,5
166.979921,-61.146263,1,1,5
245.605058,-24.087208,1,1,5
298.215108,39.955104,1,1,1
289.76359,51.962601,1,1,1
203.608877,-66.581116,1,1,5
195.014903,12.682353,1,3,5
245.909262,-26.531594,1,1,5
259.791971,-14.6336,1,1,5
130.432596,20.226891,1,1,5
130.547882,19.277044,1,2,5
217.428955,-62.679485,1,1,5
303.381672,65.162041,1,1,5
207.655866,-6.804028,1,1,5
359.152008,36.212971,1,1,5
4.859266,44.027641,1,1,5
7.053898,42.061333,1,1,5
246.615609,-25.456865,1,1,5
247.812567,-24.545471,1,1,5
65.273181,-48.651976,1,1,5
195.194092,12.375724,1,1,5
246.8313,-24.694553,1,1,5
269.758333,-29.198194,1,1,5
269.724667,-29.189056,1,1,5
64.715416,17.387936,1,1,5
346.622013,-5.041274,1,7,5
154.277798,19.558472,1,2,5
12.887344,58.426167,1,1,5
286.041062,36.632629,1,1,1
286.808473,49.316402,1,1,1
268.029265,37.546154,1,1,5
268.304354,37.211849,1,1,5
305.221841,59.448788,1,1,1
241.47532,-18.312332,1,1,5
53.869338,-25.739395,1,2,5
331.05044,26.41886,1,1,5
68.291803,24.56205,1,1,5
194.008964,-12.956031,1,1,5
5.166978,31.98999,1,1,5
348.992912,31.462852,1,1,5
68.959728,-64.027039,1,1,5
98.351102,-23.48621,1,1,5
249.314868,7.183352,1,1,5
160.602432,7.435026,1,1,5
166.429747,-5.079412,1,1,5
47.368964,30.673594,1,1,5
224.872776,46.960117,1,1,5
327.664437,10.463482,1,1,5
36.775432,-50.284519,1,1,5
19.550543,2.702824,1,1,5
55.933441,-65.193855,1,1,5
97.63664,29.672291,1,1,5
62.616051,-45.89822,1,1,5
107.600275,-39.097393,1,1,5
289.478676,-32.86113,1,1,5
332.714323,-30.749672,1,1,5
63.373865,-69.226807,1,1,5
160.55867,-3.835064,1,1,5
176.298965,-42.063927,1,1,5
140.102976,33.882439,1,1,5
203.105988,-42.475273,1,1,5
210.193542,-30.583567,1,1,5
217.609131,-46.15918,1,1,5
314.575373,-35.796555,1,1,5
267.284974,29.879107,1,1,5
0.32575,-8.926325,1,1,5
41.639084,-0.463922,1,1,5
49.562229,-41.302147,1,1,5
218.276477,21.894714,1,1,5
60.38562,-20.451092,1,1,5
71.824409,-17.115154,1,1,5
140.506393,-23.946169,1,1,5
208.927939,-32.159607,1,1,5
201.655192,-8.31756,1,1,5
214.683032,-20.275484,1,1,5
239.962306,-28.061733,1,1,5
24.354311,-45.677887,1,1,5
148.417002,-45.659191,1,1,5
307.725542,6.429536,1,1,5
5.160559,-23.935728,1,1,5
347.492721,18.396086,1,1,5
52.818043,-23.819702,1,1,5
101.127587,-42.761826,1,1,5
227.215586,2.343304,1,1,5
195.359879,-27.5222,1,1,5
4.602897,-15.267305,1,1,5
353.616152,-1.580064,1,1,5
357.879538,-39.906719,1,1,5
278.631793,35.661533,1,1,1
169.439021,-19.054773,1,1,5
3.961682,1.200451,1,1,5
36.712746,37.550484,1,1,5
165.399561,-23.860636,1,1,5
76.081782,-6.229821,1,1,5
131.580405,-8.026946,1,1,5
221.943987,1.064966,1,1,5
243.959845,10.032566,1,1,5
217.326702,-3.444534,1,1,5
353.562841,-42.061428,1,1,5
190.618736,-30.63987,1,2,5
192.981545,-42.073608,1,1,5
154.908372,-9.806276,1,1,5
3.903165,-11.938115,1,1,5
5.237497,-35.99826,1,1,5
318.736981,-55.87178,1,1,5
331.203047,-12.018885,1,4,5
291.16233,55.47316,1,1,1
91.089427,-16.965294,1,1,5
359.348991,-41.277149,1,1,5
43.688073,-10.89808,1,1,5
348.494748,8.761262,1,1,5
31.909203,-20.661839,1,1,5
205.454308,-0.128076,1,1,5
203.758114,-17.503464,1,1,5
183.366285,23.055698,1,1,5
223.820104,-2.057665,1,1,5
274.701064,45.172016,1,1,1
349.623126,24.88929,1,1,5
348.157246,-22.673937,1,1,5
356.666564,31.155935,1,1,5
75.299663,-26.054144,1,1,5
87.139961,-63.988434,1,1,5
94.336431,-38.323257,1,1,5
101.115041,-32.858402,1,1,5
133.324304,8.523038,1,1,5
158.224966,-34.989845,1,1,5
295.74384,-19.949596,1,1,5
305.095785,-19.31468,1,1,5
315.025778,-5.094404,1,1,5
311.042609,-39.225273,1,1,5
315.476951,-13.433218,1,1,5
29.263338,0.758834,1,1,5
41.039999,-30.169039,1,1,5
319.94961,-58.148876,1,1,5
304.538823,-1.075676,1,1,5
342.385707,-10.67556,1,1,5
26.632746,2.700539,1,1,5
37.155115,-7.060681,1,1,5
63.75624,-22.116434,1,1,5
66.370903,-30.600445,1,1,5
359.900292,-35.031391,1,2,5
303.167407,-2.144208,1,1,5
304.207886,3.29405,1,1,5
72.660671,1.893921,1,1,5
190.152085,-19.284243,1,1,5
131.107099,1.860033,1,1,5
175.90838,6.563726,1,1,5
309.511192,-48.462067,1,1,5
313.899962,-18.971106,1,1,5
315.531971,7.056235,1,1,5
246.692108,51.041115,1,1,5
9.458792,51.288761,1,1,5
313.783098,-34.135555,1,1,5
313.788158,-34.135521,1,1,5
337.457189,-48.003086,1,1,5
1.046351,-47.360626,1,1,5
24.604338,-55.772083,1,1,5
58.428794,-34.328194,1,1,5
39.897688,-50.008003,1,1,5
121.723902,-66.30465,1,1,5
184.487125,16.4445,1,1,5
293.9932,36.290325,1,1,1
293.732796,36.815491,1,1,1
247.575241,-12.662594,1,3,5
240.54935,28.169586,1,1,5
117.026968,50.2258,1,1,5
117.031174,50.217556,1,2,5
65.469581,57.817181,1,1,5
110.388223,58.268108,1,1,5
116.716527,39.094578,1,1,5
94.793282,73.827682,1,1,5
31.793364,23.462423,1,1,5
68.980164,16.509302,1,1,5
124.128838,9.185545,1,1,5
86.821198,-51.066513,1,1,5
222.676361,74.155502,1,1,5
239.396881,26.87788,1,1,5
53.232685,-9.458262,1,1,5
67.154167,19.180431,1,1,5
154.993149,19.841488,1,1,5
354.836884,77.632278,1,1,5
355.102112,44.333931,1,1,5
237.808044,35.657383,1,1,5
148.190903,26.006952,1,1,5
269.756622,-9.773632,1,2,5
237.573105,2.196509,1,1,5
230.03566,29.616209,1,1,5
127.566124,60.71817,1,1,5
265.492096,72.156914,1,1,5
240.261093,33.303509,1,2,5
206.815598,17.456905,1,1,5
107.784882,30.245163,1,1,5
24.199345,41.40546,1,3,5
298.562012,8.461452,1,1,5